# Structured Query Language tutorial - CRUD

** CREATE == INSERT
> how to create mysql row?

    INSERT INTO table이름 (컬럼이름1, 컬럼이름2, 컬럼이름3...) VALUES('값1', '값2', '값3'...);
    
    INSERT INTO topic (title,description,created,author,profile) VALUES('Jay\'study','study by jay',NOW(),'Jaeuk-YOO');

테이블 작성을 어떻게 했더라??  

    DESC 테이블이름;  
    DESC topic;

    +-------------+--------------+------+-----+---------+----------------+
    | Field       | Type         | Null | Key | Default | Extra          |
    +-------------+--------------+------+-----+---------+----------------+
    | id          | int(11)      | NO   | PRI | NULL    | auto_increment |
    | title       | varchar(100) | NO   |     | NULL    |                |
    | description | text         | YES  |     | NULL    |                |
    | created     | datetime     | NO   |     | NULL    |                |
    | author      | varchar(15)  | YES  |     | NULL    |                |
    | profile     | varchar(200) | YES  |     | NULL    |                |
    +-------------+--------------+------+-----+---------+----------------+
    6 rows in set (0.00 sec)


** READ == SELECT  
> 전부 보고 싶으면?  
> ' * ' : 모든 컬럼 선택


    SELECT * FROM 테이블이름;  
    SELECT * FROM topic;

    +----+-----------+--------------+---------------------+-----------+---------+
    | id | title     | description  | created             | author    | profile |
    +----+-----------+--------------+---------------------+-----------+---------+
    |  1 | Jay'study | study by jay | 2018-08-14 01:55:57 | Jaeuk-YOO | NULL    |
    +----+-----------+--------------+---------------------+-----------+---------+
    1 row in set (0.00 sec)

일부만 보고 싶으면?

    SELECT 보고싶은 컬럼이름 FROM 테이블이름;
    SELECT id,title,description FROM topic;

결과 값은?

    +----+-----------+--------------+
    | id | title     | description  |
    +----+-----------+--------------+
    |  1 | Jay'study | study by jay |
    +----+-----------+--------------+
    1 row in set (0.00 sec)

원하는 것만 선택해서 보자. WHERE문

    SELECT 보고싶은 컬럼이름 FROM 테이블이름 WHERE 컬럼='값';

    SELECT id,title,description FROM topic WHERE author='Jaeuk-YOO';

원하는 값이 나온다리~

    +----+-----------+--------------+
    | id | title     | description  |
    +----+-----------+--------------+
    |  1 | Jay'study | study by jay |
    +----+-----------+--------------+
    1 row in set (0.00 sec)

근데 양이 오지게 많으면 문제가 좀 생기겠죠?

    SELECT 보고싶은 컬럼이름 FROM 테이블이름 WHERE 컬럼='값' ORDER BY 기준컬럼 DESC(==역방향) LIMIT 제한걸숫자;

    SELECT id,title,description FROM topic WHERE author='Jaeuk-YOO' ORDER BY id DESC LIMIT 2;

그래서 나오는 수에 대해 제한을 건다 이말이야.